PK,NOMBRE,DESCRIPCION-ENTIDAD,HORARIO,EQUIPAMIENTO,tieneInternetPublico,tieneWifi,TRANSPORTE,DESCRIPCION,ACCESIBILIDAD 1,ACCESIBILIDAD 2,ACCESIBILIDAD 3,CONTENT-URL,NOMBRE-VIA,CLASE-VIAL,direccion_completa,TIPO-NUM,NUM,PLANTA,PUERTA,ESCALERAS,ORIENTACION,LOCALIDAD,PROVINCIA,CODIGO-POSTAL,COD-BARRIO,BARRIO,barrio_slug,COD-DISTRITO,DISTRITO,distrito_slug,COORDENADA-X,COORDENADA-Y,LATITUD,LONGITUD,TELEFONO,FAX,EMAIL,TIPO
25526,Biblioteca Pública Antonio Mingote (latina),,"Apertura de lunes a sábado.  De lunes a viernes de 9 a 21 horas. Sábados de 9 a 14 horas. Todos los días los servicios de lectura en sala y acceso a internet finalizarán 15 minutos antes del cierre.  Días de cierre: sábados: 19 de abril, 3 de mayo y todos los sábados de julio, agosto y septiembre; 2 de noviembre; 7 de diciembre. Domingos: todos; Festivos: 1 de enero; 6 de enero:17 y 18 de abril; 1, 2 y 15 mayo; 25 de julio;15 agosto; 1 y 10 de noviembre; 6 y 8 de diciembre; 24, 25 y 31 de diciembre.",wifi gratuito.,false,true,Cercanías Renfe: Maestra Justa Freire - Polideportivo Aluche (antigua estación de Fanjul) (línea C5),"Lectura fácil, letra grande, audiodescripción. Centros de Interés: Rumano y Árabe.",1,,,http://www.madrid.es/sites/v/index.jsp?vgnextchannel=bfa48ab43d6bb410VgnVCM100000171f5a0aRCRD&vgnextoid=c73e995a8bf5d010VgnVCM2000000c205a0aRCRD,RAFAEL FINAT,CALLE,CALLE RAFAEL FINAT 51,V,51,,,,,MADRID,MADRID,28044,7,Las Aguilas,las-aguilas,10,Latina,latina,434685,4470157,40.37944179159947,-3.7694389972002424,915 093 625,917 068 193,bib.latina@madrid.org,/contenido/entidadesYorganismos/BibliotecasPublicas
1774,Biblioteca Pública Elena Fortún (retiro),,"Apertura de lunes a sábado.  De lunes a viernes de 9 a 21 horas. Sábados de 9 a 14 horas. Todos los días los servicios de lectura en sala y acceso a internet finalizarán 15 minutos antes del cierre.   Días de cierre: sabados: 19 de abril, 3 de mayo y todos los sábados de julio, agosto y septiembre. Domingos: todos. Festivos: 1 de enero; 6 de enero:17 y 18 de abril; 1, 2 y 15 mayo; 25 de julio;15 agosto; 1 y 10 de noviembre; 6 y 8 de diciembre; 24, 25 y 31 de diciembre.",wifi gratuito.,false,true,"Metro: Pacífico (líneas 1 y 6), Conde de Casal (línea 6)  Bus: 10, 14, 32, 56, 63, 143, 145, E.","Lectura fácil, letra grande, audiodescripción.",1,,,http://www.madrid.es/sites/v/index.jsp?vgnextchannel=bfa48ab43d6bb410VgnVCM100000171f5a0aRCRD&vgnextoid=44213d0b5e71c010VgnVCM1000000b205a0aRCRD,DOCTOR ESQUERDO,CALLE,CALLE DOCTOR ESQUERDO 189,V,189,,,,,MADRID,MADRID,28007,2,Adelfas,adelfas,3,Retiro,retiro,442942,4472768,40.403577814444176,-3.6724086076957154,915 019 146,915 018 130,bib.retiro@madrid.org,/contenido/entidadesYorganismos/BibliotecasPublicas
1770,Biblioteca Pública Hortaleza,,Apertura de lunes a viernes.  De lunes a jueves de 9 a 20:30 horas. Viernes de 9 a 14:30 horas. Todos los días los servicios de lectura en sala y acceso a internet finalizarán 15 minutos antes del cierre.  Días de cierre: Fines de semana y festivos; del 2 al 7 de enero;  28 de febrero; 3 de marzo; del 11 al 21 de abril ; 15 de mayo; 10 de noviembre; los meses de julio y agosto; del 22 al 31 de diciembre.,,false,false,Metro: Parque de Santa María (línea 4),,1,,,http://www.madrid.es/sites/v/index.jsp?vgnextchannel=bfa48ab43d6bb410VgnVCM100000171f5a0aRCRD&vgnextoid=e42e995a8bf5d010VgnVCM2000000c205a0aRCRD,ABERTURA,CALLE,CALLE ABERTURA 2,V,2,,,,,MADRID,MADRID,28033,4,Pinar Del Rey,pinar-del-rey,16,Hortaleza,hortaleza,444936,4480925,40.47719279779815,-3.6496196128895835,917 633 284,917 633 284,bib.hortaleza@madrid.org,/contenido/entidadesYorganismos/BibliotecasPublicas
1773,Biblioteca Pública Javier Marías (moratalaz),,"Apertura de lunes a viernes.  De lunes a viernes de 9 a 21 horas. Todos los días los servicios de lectura en sala y acceso a internet finalizarán 15 minutos antes del cierre.  Días de cierre: sábados: todos Domingos: todos. Festivos: 1 de enero; 6 de enero:17 y 18 de abril; 1, 2 y 15 mayo; 25 de julio;15 agosto;10 de noviembre; 8 de diciembre; 24, 25 y 31 de diciembre.",wifi gratuito.,false,true,Metro: Artilleros (línea 9),"Lectura fácil, letra grande, audiodescripción.",1,,,http://www.madrid.es/sites/v/index.jsp?vgnextchannel=bfa48ab43d6bb410VgnVCM100000171f5a0aRCRD&vgnextoid=457e995a8bf5d010VgnVCM2000000c205a0aRCRD,CORREGIDOR ALONSO DE TOBAR,CALLE,CALLE CORREGIDOR ALONSO DE TOBAR 5,V,5,,,,,MADRID,MADRID,28030,5,Fontarron,fontarron,14,Moratalaz,moratalaz,444892,4472800,40.403992358842835,-3.6494384856607582,914 394 688,914 370 234,bib.moratalaz@madrid.org,/contenido/entidadesYorganismos/BibliotecasPublicas
1771,Biblioteca Pública José Acuña (moncloa - Aravaca),,"Apertura de lunes a sábado.  De lunes a viernes de 9 a 21 horas. Infantil-juvenil de 15 a 21 horas. Sábados de 9 a 14 horas. Todos los días los servicios de lectura en sala y acceso a internet finalizarán 15 minutos antes del cierre.:  Días de cierre: sábados 19 de abril; 3 de mayo y todos los sábados de julio, agosto y septiembre.. Domingos: todos; Festivos: 1 de enero; 6 de enero:17 y 18 de abril; 1, 2 y 15 mayo; 25 de julio;15 agosto; 1 y 10 de noviembre; 6 y 8 de diciembre; 24, 25 y 31 de diciembre.",wifi gratuito.,false,true,"Metro: Arg&amp;uuml;elles (líneas 3, 4 y 6), Ventura Rodriguez (línea 3).",,3,,,http://www.madrid.es/sites/v/index.jsp?vgnextchannel=bfa48ab43d6bb410VgnVCM100000171f5a0aRCRD&vgnextoid=e9ad995a8bf5d010VgnVCM2000000c205a0aRCRD,QUINTANA,CALLE,CALLE QUINTANA 9,V,9,,,,,MADRID,MADRID,28008,2,Arguelles,arguelles,9,Moncloa-aravaca,moncloa-aravaca,439184,4475503,40.427947044751,-3.716950806640097,915 413 619,,bib.acuna@madrid.org,/contenido/entidadesYorganismos/BibliotecasPublicas
123303,Biblioteca Pública José Hierro (usera),,"Apertura de lunes a domingo.  De lunes a viernes de 9 a 21 horas. Fines de semana y festivos de 11 a 19 horas. Todos los días los servicios de lectura en sala y acceso a internet finalizarán 15 minutos antes del cierre.  Días de cierre: 1 y 6  de enero; 1 de mayo; fines de semana y festivos del mes de agosto; 24, 25 y 31 de diciembre.",wifi gratuito.,false,true,Metro: Plaza Elíptica (líneas 6 y 11),"Lectura fácil, audiodescripción, letra grande. Centro de Interés Chino.",1,,,http://www.madrid.es/sites/v/index.jsp?vgnextchannel=bfa48ab43d6bb410VgnVCM100000171f5a0aRCRD&vgnextoid=943979262ef5d010VgnVCM1000000b205a0aRCRD,RAFAELA YBARRA,AVENIDA,AVENIDA RAFAELA YBARRA 43,V,43,,,,,MADRID,MADRID,28026,7,Pradolongo,pradolongo,12,Usera,usera,439681,4470386,40.38188230129181,-3.7106157111470615,914 229 501,914 691 901,bib.usera@madrid.org,/contenido/entidadesYorganismos/BibliotecasPublicas
1764,Biblioteca Pública José Luis Sampedro (chamberí),,"Apertura de lunes a sábado.  De lunes a viernes de 9 a 21 horas. Sábados de 9 a 14 horas. Todos los días los servicios de lectura en sala y acceso a internet finalizarán 15 minutos antes del cierre.   Días de cierre: sábados: 19 de abril, 3 de mayo y todos los sábados de julio, agosto y septiembre. Domingos: todos. Festivos: 1 de enero; 6 de enero: 17 y 18 de abril; 1, 2 y 15 mayo; 25 de julio;15 agosto; 1 y 10 de noviembre; 6, 8, 24, 25 y 31 de diciembre.",wifi gratuito.,false,true,"Metro: Iglesia (línea 1), Quevedo (línea 2), Alonso Cano (línea 7)","Lectura fácil, letra grande, audiodescripción. Centro de Interés Búlgaro.",1,,,http://www.madrid.es/sites/v/index.jsp?vgnextchannel=bfa48ab43d6bb410VgnVCM100000171f5a0aRCRD&vgnextoid=5a2279262ef5d010VgnVCM1000000b205a0aRCRD,FELIPE EL HERMOSO,CALLE,CALLE FELIPE EL HERMOSO 4,V,4,,,,,MADRID,MADRID,28010,3,Trafalgar,trafalgar,7,Chamberi,chamberi,440657,4476319,40.435399621146054,-3.69966592825407,914 459 782,914 472 444,bib.chamberi@madrid.org,/contenido/entidadesYorganismos/BibliotecasPublicas
181101,Biblioteca Pública Luis Martín Santos (villa De Vallecas),,"Apertura de lunes a domingo.  De lunes a viernes de 9 a 21 horas. Fines de semana y festivos de 11 a 19 horas. Todos los días los servicios de lectura en sala y acceso a internet finalizarán 15 minutos antes del cierre.  Días de cierre: 1 y 6 de enero; 1 de mayo; fines de semana y festivos del mes de agosto; 24, 25 y 31 de diciembre.",wifi gratuito.,false,true,"Metro: Villa de Vallecas (línea 1)  Renfe: C1, C2 Y C7.","Lectura fácil, letra grande, audiodescripción.",1,,,http://www.madrid.es/sites/v/index.jsp?vgnextchannel=bfa48ab43d6bb410VgnVCM100000171f5a0aRCRD&vgnextoid=09ac38d60b41c010VgnVCM2000000c205a0aRCRD,ANTONIO MARIA SEGOVIA,PLAZA,PLAZA ANTONIO MARIA SEGOVIA 2,V,2,,,,,MADRID,MADRID,28031,2,Santa Eugenia,santa-eugenia,18,Villa De Vallecas,villa-de-vallecas,447909,4470217,40.38092043731836,-3.6136725045662423,912 760 231,,bib.villavallecas@madrid.org,/contenido/entidadesYorganismos/BibliotecasPublicas
5765642,Biblioteca Pública Luis Rosales (carabanchel),,"Apertura de lunes a domingo.  De lunes a viernes de 9 a 21 horas. Fines de semana y festivos de 11 a 19 horas. Todos los días los servicios de lectura en sala y acceso a internet finalizarán 15 minutos antes del cierre.  Días de cierre: 1 y 6 de enero; 1 de mayo; fines de semana y festivos del mes de agosto; 24, 25 y 31 de diciembre.",wifi gratuito.,false,true,Metro: Carabanchel Alto (línea 11),"Lectura fácil, audiodescripción, letra grande, braille.",1,6,,http://www.madrid.es/sites/v/index.jsp?vgnextchannel=bfa48ab43d6bb410VgnVCM100000171f5a0aRCRD&vgnextoid=7a73f884ad3f9210VgnVCM1000000b205a0aRCRD,ANTONIA RODRIGUEZ SACRISTAN,CALLE,CALLE ANTONIA RODRIGUEZ SACRISTAN 7,V,7,,,,,MADRID,MADRID,28044,5,Puerta Bonita,puerta-bonita,11,Carabanchel,carabanchel,436493,4469473,40.37342554545538,-3.7480707331054375,912 760 233,914 613 331,bib.carabanchel@madrid.org,/contenido/entidadesYorganismos/BibliotecasPublicas
86719,Biblioteca Pública María Moliner (villaverde),,"Apertura de lunes a sábado.  De lunes a viernes de 9 a 21 horas. Sábados de 9 a 14 horas. Todos los días los servicios de lectura en sala y acceso a internet finalizarán 15 minutos antes del cierre.  Días de cierre: sábados: 19 de abril, 3 de mayo y todos los sábados de julio, agosto y septiembre. Domingos: todos. Festivos: 1 de enero; 6 de enero:17 y 18 de abril; 1, 2 y 15 mayo; 25 de julio;15 agosto; 1 y 10 de noviembre; 6 y 8 de diciembre; 24, 25 y 31 de diciembre.",wifi gratuito.,false,true,Metro: Villaverde Alto (línea 3)  Cercanías Renfe: Puente Alcocer (C5),"Lectura fácil, audiodescripción, letra grande.",1,,,http://www.madrid.es/sites/v/index.jsp?vgnextchannel=bfa48ab43d6bb410VgnVCM100000171f5a0aRCRD&vgnextoid=127979262ef5d010VgnVCM1000000b205a0aRCRD,VILLALONSO,CALLE,CALLE VILLALONSO 16,V,16,,,,,MADRID,MADRID,28021,1,Villaverde Alto C.H.,villaverde-alto-c.h.,17,Villaverde,villaverde,439694,4466794,40.34952488592754,-3.7101159464904097,917 230 194,917 979 458,bib.villaverde@madrid.org,/contenido/entidadesYorganismos/BibliotecasPublicas
1800,Biblioteca Pública Miguel Hernández (puente De Vallecas),,"Apertura de lunes a sábado.  De lunes a viernes de 9 a 21 horas. Sábados de 9 a 14 horas. Todos los días los servicios de lectura en sala y acceso a internet finalizarán 15 minutos antes del cierre.  Días de cierre: sábados: 19 de abril, 3 de mayo y todos los sábados de julio, agosto y septiembre. Domingos: todos. Festivos: 1 de enero; 6 de enero:17 y 18 de abril; 1, 2 y 15 mayo; 25 de julio;15 agosto; 1  y 10 de noviembre; 6 y 8 de diciembre; 24, 25 y 31 de diciembre.",wifi gratuito.,false,true,Metro: Miguel Hernández (línea 1),"Lectura fácil, letra grande, audiodescripción. Centro de Interés Cultural Polaco.",1,,,http://www.madrid.es/sites/v/index.jsp?vgnextchannel=bfa48ab43d6bb410VgnVCM100000171f5a0aRCRD&vgnextoid=535979262ef5d010VgnVCM1000000b205a0aRCRD,RAFAEL ALBERTI,AVENIDA,AVENIDA RAFAEL ALBERTI 36,V,36,,,,,MADRID,MADRID,28018,4,Palomeras Sureste,palomeras-sureste,13,Puente De Vallecas,puente-de-vallecas,445429,4470632,40.38449744232138,-3.642917675006409,913 033 195,913 804 153,bib.vallecas@madrid.org,/contenido/entidadesYorganismos/BibliotecasPublicas
1757,Biblioteca Pública Municipal Aluche (latina),"La Biblioteca Pública de Aluche se inauguró el 22 de junio de 1992 con la asistencia del entonces alcalde Don José María Alvarez del Manzano. Se sitúa en la primera planta del Centro Cultural Fernando de los Ríos, diseñado por el arquitecto José María Guijarro. Desde 1986 y hasta la fecha de su inauguración oficial, se encontraba situada en este mismo centro cultural y planta pero en el ala derecha del edificio y con la mitad de superficie. La ubicación de la biblioteca en el centro cultural en la década de los 80  se decidió porque éste era considerado un elemento aglutinador de la vida asociativa y cultural de los distritos.    Página en Facebook     Canal de WhatsApp",Apertura de lunes a viernes.  Horario: de 8:30 a 21 horas.  Verano (del 15 de junio al 15 de septiembre): de 8:30 a 20 horas.  Cerrado: festivos y los días 24 y 31 de diciembre.,"préstamo de libros, multimedia y revistas. servicio de acceso público a internet. zona wifi. información bibliográfica. animación a la lectura y formación de usuarios.   herramientas de apoyo a la accesibilidad:   silla de ruedas. préstamo de lupas línea guía y lupas tarjeta. préstamo en sala de telelupa. lector de pantalla nvda en los puestos de internet. bucle magnético en el mostrador de información.",true,true,"Metro: Laguna (línea 6),  Aluche (línea 5) Cercanías Renfe: Laguna, Aluche (línea C5)",Superficie: 712 metros cuadrados  Puestos de lectura: 130  Puestos de Internet: 18,1,5,6,http://www.madrid.es/sites/v/index.jsp?vgnextchannel=bfa48ab43d6bb410VgnVCM100000171f5a0aRCRD&vgnextoid=7f0e3d0b5e71c010VgnVCM1000000b205a0aRCRD,CAMARENA,CALLE,CALLE CAMARENA 10,V,10,,,,,MADRID,MADRID,28047,4,Aluche,aluche,10,Latina,latina,435820,4471982,40.39597072367931,-3.7562716852987847,91 719 89 96,,bpaluche@madrid.es,/contenido/entidadesYorganismos/BibliotecasPublicas
1755,Biblioteca Pública Municipal Ana María Matute (carabanchel),"La Biblioteca Pública Municipal Ana María Matute sustituyó a la antigua Biblioteca Pública Municipal de Carabanchel. La Biblioteca de Carabanchel, sita en la calle de los Hermanos del Moral 15, fue inaugurada el 12 de diciembre de 1981 por el entonces alcalde, Enrique Tierno Galván, contaba con unos 250 m&amp;sup2;. Despues de 32 años de servicio, se traslada a su actual emplazamiento bajo el nombre actual. El proyecto arquitectónico fue encargado al estudio RSP. A la inauguración, el 28 de enero de 2013, asistieron la escritora Ana María Matute y la alcaldesa Ana María Botella.    Página en Facebook     Canal de WhatsApp",Apertura de lunes a viernes.  Horario: de 8:30 a 21 horas.  Verano (del 15 de junio al 15 de septiembre): de 8:30 a 20 horas.  Cerrado: festivos y los días 24 y 31 de diciembre.,"equipos de autopréstamo. préstamo de libros, multimedia y revistas. servicio de acceso público a internet. zona wifi. información bibliográfica. animación a la lectura y formación de usuarios.   herramientas de apoyo a la accesibilidad:   silla de ruedas. préstamo de lupas línea guía y lupas tarjeta. préstamo en sala de telelupa. lector de pantalla nvda en los puestos de internet. bucle magnético en el mostrador de información y bucle magnético para actividades.",true,true,Metro: Marqués de Vadillo (línea 5),Superficie: 3.369 metros cuadrados.  Puestos de lectura: 230  Puestos de Internet: 40   Puestos de la sala polivalente: 74  Puestos de las 2 salas de trabajo en grupo: 12 personas en total.,1,6,,http://www.madrid.es/sites/v/index.jsp?vgnextchannel=bfa48ab43d6bb410VgnVCM100000171f5a0aRCRD&vgnextoid=628e3d0b5e71c010VgnVCM1000000b205a0aRCRD,ISAAC ALBENIZ,CALLE,CALLE ISAAC ALBENIZ 1,V,1,,,,,MADRID,MADRID,28019,3,San Isidro,san-isidro,11,Carabanchel,carabanchel,438891,4472167,40.39786734087938,-3.720088245008897,91 588 08 30,,bpanammatute@madrid.es,/contenido/entidadesYorganismos/BibliotecasPublicas
1882,Biblioteca Pública Municipal Benito Pérez Galdós (centro),"La Biblioteca Pública Conde Duque se inaugura en los años 90, cuando se traslada a este edificio la Biblioteca Municipal situada en el actual emplazamiento del Museo de Historia de Madrid, en la calle Fuencarral, separándose la Biblioteca Pública de la Biblioteca Histórica, que habían estado juntas hasta entonces. El Cuartel de Conde Duque se reformó en 2011, obra llevada a cabo por el arquitecto Carlos de Riaño, inaugurándose de nuevo la biblioteca al año siguiente, en un primer momento fusionada con la Biblioteca Musical Víctor Espinós, de la que posteriormente se separaría. Con la reforma ganó en amplitud y homogeneidad con el resto de la red, ya que anteriormente no contaba con sala infantil ni multimedia. En 2019 recibe el nombre de Benito Pérez Galdós conmemorando el centenario del fallecimiento del escritor.    Página en Facebook     Canal de WhatsApp","Apertura de lunes a domingo.   Horario: lunes a viernes de 8:30 a 21, sábado y domingo de 8:30 a 15. Verano (15 de junio a 15 de septiembre): lunes a viernes de 8:30 a 20, sábado y domingo de 8:30 a 14.    Cerrado: festivos, fines de semana de Semana Santa, 2 últimos de julio y todos los de agosto, 24 y 31 de diciembre.   Sala de Estudio: lunes a viernes de 8:30 a 21. Sábados, domingos y festivos de 8:30 a 20:30. Verano: lunes a domingo y festivos de 8:30 a 19:45. En época de exámenes amplía su horario hastas las 23.","préstamo de libros, multimedia y revistas. servicio de acceso público a internet. zona wifi. información bibliográfica. animación a la lectura y formación de usuarios.   herramientas de apoyo a la accesibilidad:   silla de ruedas. préstamo de lupas línea guía y lupas tarjeta. préstamo en sala de telelupa. lector de pantalla nvda en los puestos de internet. bucle magnético en el mostrador de información.",true,true,"Metro: Ventura Rodríguez (línea 3), Plaza de España (línea 2, 3, 10), San Bernardo (línea 2 y 4) y Noviciado (línea 2, 3 y 10)",Superficie: 5.870 metros cuadrados  Puestos de lectura: 118  Puestos de Internet: 26,1,6,,http://www.madrid.es/sites/v/index.jsp?vgnextchannel=bfa48ab43d6bb410VgnVCM100000171f5a0aRCRD&vgnextoid=13ec3d0b5e71c010VgnVCM1000000b205a0aRCRD,CONDE DUQUE,CALLE,CALLE CONDE DUQUE 9,V,9,,,,,MADRID,MADRID,28015,5,Universidad,universidad,1,Centro,centro,439723,4475438,40.42738668300474,-3.7105999955473625,91 588 59 10 / 91 480 14 72,,bpperezgaldos@madrid.es,/contenido/entidadesYorganismos/BibliotecasPublicas
1745,Biblioteca Pública Municipal Canillejas (san Blas-canillejas),"La Biblioteca Pública Municipal de Canillejas se inauguró el 4 de agosto de 1981 en la tercera planta del edificio que entonces ocupaba la Junta Municipal del Distrito de San Blas, en la calle Torre Arias. Ocho años después se trasladó al edificio que ocupa hoy, en la calle Boltaña, justo enfrente de su ubicación anterior y en pleno núcleo comercial del barrio de Canillejas. Su reapertura al público, en las nuevas instalaciones, se produjo el 15 de marzo de 1989, compartiendo edificio con el Centro Cultural Buero Vallejo.    Página en Facebook     Canal de WhatsApp",Apertura de lunes a viernes.  Horario: de 8:30 a 21 horas.  Verano (del 15 de junio al 15 de septiembre): de 8:30 a 20 horas.  Cerrado: festivos y los días 24 y 31 de diciembre.,"préstamo de libros, multimedia y revistas. servicio de acceso público a internet. zona wifi. información bibliográfica. animación a la lectura y formación de usuarios.   herramientas de apoyo a la accesibilidad:   préstamo de lupas línea guía y lupas tarjeta. préstamo en sala de telelupa. lector de pantalla nvda en los puestos de internet. bucle magnético en el mostrador de información.",true,true,"Metro: Canillejas, Torre Arias (línea 5).",Superficie: 466 metros cuadrados  Puestos de lectura: 98  Puestos de Internet: 6 Puestos de la  sala polivalente : 22,0,6,,http://www.madrid.es/sites/v/index.jsp?vgnextchannel=bfa48ab43d6bb410VgnVCM100000171f5a0aRCRD&vgnextoid=eb9e995a8bf5d010VgnVCM2000000c205a0aRCRD,BOLTAÑA,CALLE,CALLE BOLTAÑA 23,NUM,23,,,,EN CENTRO CULTURAL BUERO VALLEJO,MADRID,MADRID,28022,7,Canillejas,canillejas,20,San Blas-canillejas,san-blas-canillejas,448119,4477485,40.44640229188281,-3.6117933204271098,91 741 11 34,,bpcanillejas@madrid.es,/contenido/entidadesYorganismos/BibliotecasPublicas
1794,Biblioteca Pública Municipal Ciudad Lineal (ciudad Lineal),"La Biblioteca de Ciudad Lineal se inauguró el 22 de marzo de 1993 asistiendo al acto el Alcalde, José María Álvarez del Manzano, y la entonces Concejal de Cultura, Esperanza Aguirre. Se encuentra dentro del Centro Cultural Príncipe de Asturias, en la primera planta. Su construcción se realizó para dar servicio a la zona y sustituir a la anterior biblioteca que había en los locales de un edificio de viviendas. Desde entonces ha sido ampliada tan solo una vez, en 50 m&amp;sup2;, en el año 2004, afectando esta obra a su distribución interna.",Apertura de lunes a viernes.  Horario: de 8:30 a 21 horas.  Verano (del 15 de junio al 15 de septiembre): de 8:30 a 20 horas.  Cerrado: festivos y los días 24 y 31 de diciembre.,"préstamo de libros, multimedia y revistas. servicio de acceso público a internet. zona wifi. información bibliográfica. animación a la lectura y formación de usuarios.   herramientas de apoyo a la accesibilidad:   silla de ruedas. préstamo de lupas línea guía y lupas tarjeta. préstamo en sala de telelupa. lector de pantalla nvda en los puestos de internet. bucle magnético en el mostrador de información.",true,true,Metro: Ciudad Lineal (línea 5),Superficie: 483 metros cuadrados  Puestos de lectura: 114  Puestos de Internet: 10,1,6,,http://www.madrid.es/sites/v/index.jsp?vgnextchannel=bfa48ab43d6bb410VgnVCM100000171f5a0aRCRD&vgnextoid=82ce995a8bf5d010VgnVCM2000000c205a0aRCRD,HERMANOS GARCIA NOBLEJAS,CALLE,CALLE HERMANOS GARCIA NOBLEJAS 14,V,14,,,,,MADRID,MADRID,28037,2,Pueblo Nuevo,pueblo-nuevo,15,Ciudad Lineal,ciudad-lineal,445948,4476395,40.43644651057092,-3.6372924261150033,915 887 566,,bpciudadlineal@madrid.es,/contenido/entidadesYorganismos/BibliotecasPublicas
1762,Biblioteca Pública Municipal David Gistau (salamanca),"La Biblioteca Pública Municipal David Gistau se encuentra dentro del Centro Cultural de Buenavista. El edificio que la alberga fue construido durante la II República por el Ayuntamiento de Madrid para Casa de Baños, según proyecto de José Lorite y reformado por el arquitecto municipal Salvador Pérez Arroyo en 1982. El cambio de función e inauguración como Centro Cívico tuvo lugar el 30 de abril de 1983 y la Biblioteca abrió sus puertas el 12 marzo de 1984. La biblioteca ocupa uno de los pabellones que alojaron las piletas de las piscinas y sus vestuarios, en concreto, la zona del vaso destinada al baño de los hombres. En la actualidad esta estructura se observa en la sala de lectura y consulta. El 19 de octubre de 2020 la Biblioteca de Buenavista cambió su nombre por el del periodista y escritor David Gistau. En agosto de 2021 se acomete la reforma integral del edificio para adecuarlo a la normativa de accesibilidad y eficiencia energética, obras que terminan en septiembre de 2023.    Canal de WhatsApp",Apertura de lunes a viernes.  Horario: de 8:30 a 21 horas.  Verano (del 15 de junio al 15 de septiembre): de 8:30 a 20 horas.  Cerrado: festivos y los días 24 y 31 de diciembre.,"préstamo de libros, multimedia y revistas. servicio de acceso público a internet. zona wifi. información bibliográfica. animación a la lectura y formación de usuarios.   herramientas de apoyo a la accesibilidad:   silla de ruedas. préstamo de lupas línea guía y lupas tarjeta. préstamo en sala de telelupa. lector de pantalla nvda en los puestos de internet. bucle magnético en el mostrador de información.",true,true,"Metro: Diego de León (líneas 4,5 y 6), Manuel Becerra (línea 2)",Superficie: 889 metros cuadrados.  Puestos de lectura: 64  Puestos de Internet: 16   Página en Facebook,1,6,,http://www.madrid.es/sites/v/index.jsp?vgnextchannel=bfa48ab43d6bb410VgnVCM100000171f5a0aRCRD&vgnextoid=c53e3d0b5e71c010VgnVCM1000000b205a0aRCRD,TOREROS,AVENIDA,AVENIDA TOREROS 5,V,5,,,,,MADRID,MADRID,28028,4,Guindalera,guindalera,4,Salamanca,salamanca,443092,4475923,40.43199309720514,-3.670929243543714,91 724 08 04,,bpdavidgistau@madrid.es,/contenido/entidadesYorganismos/BibliotecasPublicas
51188,Biblioteca Pública Municipal Dámaso Alonso (chamartín),"La biblioteca se abrió al público el 31 de mayo de 1999 denominándose Biblioteca Mateo Inurria, por estar situada en dicha calle. En 2008, por acuerdo plenario, pasó a llamarse Biblioteca Dámaso Alonso. Y es que este poeta vivió en el número 25 de la calle Alberto Alcocer, en una casita con huerta y jardín situada en su momento a las afueras de Madrid, en Chamartín de la Rosa. En cuanto a los orígenes de la biblioteca, en 1997 la sede del diario Ya se convierte en sede del Barclays Bank. A cambio, la entidad cede una parcela al Ayuntamiento para la construcción de una biblioteca, que entregó ya equipada. En 2008 se amplió el vestíbulo, se instaló un ascensor y se cerró una de las dos escaleras. En su lugar se colocó un lucernario para iluminar la sala de lectura.    Página en Facebook     Canal de WhatsApp",Apertura de lunes a viernes.  Horario: de 8:30 a 21 horas.  Verano (del 15 de junio al 15 de septiembre): de 8:30 a 20 horas.  Cerrado: festivos y los días 24 y 31 de diciembre.,"equipos de autopréstamo. préstamo de libros, multimedia y revistas. servicio de acceso público a internet. zona wifi. información bibliográfica. animación a la lectura y formación de usuarios.   herramientas de apoyo a la accesibilidad:   silla de ruedas. préstamo de lupas línea guía y lupas tarjeta. préstamo en sala de telelupa. lector de pantalla nvda en los puestos de internet. bucle magnético en el mostrador de información.",true,true,"Metro: Plaza de Castilla (líneas 1, 9 y 10) , Duque de Pastrana (línea 9)",Superficie: 808 metros cuadrados.  Puestos de lectura: 129  Puestos de Internet: 8,1,6,,http://www.madrid.es/sites/v/index.jsp?vgnextchannel=bfa48ab43d6bb410VgnVCM100000171f5a0aRCRD&vgnextoid=5870007f8441f010VgnVCM1000000b205a0aRCRD,MANUEL FERRERO,CALLE,CALLE MANUEL FERRERO 1,V,1,,,,,MADRID,MADRID,28036,6,Castilla,castilla,5,Chamartin,chamartin,441962,4479867,40.467453379213175,-3.6846112774442705,91 350 31 50,,bpdamasoalonso@madrid.es,/contenido/entidadesYorganismos/BibliotecasPublicas
6893633,Biblioteca Pública Municipal Eugenio Trías. Casa De Fieras De El Retiro (retiro),"La Biblioteca Pública Eugenio Trías-Casa de Fieras de El Retiro fue inaugurada el 29 de abril de 2013. El edificio que alberga la biblioteca fue originariamente parte de las instalaciones que la Casa de Fieras tenía en el Parque de El Retiro, construido en tiempos de Fernando VII. El proyecto para esta nueva biblioteca, promovido por la entonces Dirección General de Patrimonio Histórico, fue redactado por los arquitectos Jaime Nadal y Sebastián Araujo e incluye la rehabilitación de los dos grandes pabellones de la antigua Casa de Fieras, uno longitudinal de gran dimensión y otro transversal de menor tamaño así como la construcción de un pabellón de nueva planta imprescindible para cumplir con el  programa bibliotecario.  La apertura de la biblioteca se verá afectada por las posibles incidencias que se produzcan en el acceso a los Jardines de El Buen Retiro debidas a la aplicación del Protocolo de actuación en los jardines del Buen Retiro ante situaciones meteorológicas adversas. Esta información se proporcionará a través de pantallas, carteles y megafonía y la población general mediante la web municipal www.madrid.es, medios de comunicación y redes sociales.   Página en Facebook   Canal de WhatsApp","Apertura de lunes a domingo.  Horario: de lunes a viernes de 8:30 a 21 horas; sábados y domingos de 8:30 a 15 horas.   Verano (del 15 de junio al 15 de septiembre): de lunes a viernes de 8:30 a 20 horas; sábados y domingos de 8:30 a 14 horas.   Cerrado: festivos, Semana Santa (de jueves a domingo), los dos últimos fines de semana de julio y los fines de semana de agosto, el 24 y 31 de diciembre.","equipos de autopréstamo. préstamo de libros, multimedia y revistas. servicio de acceso público a internet. zona wifi. información bibliográfica. animación a la lectura y formación de usuarios.   herramientas de apoyo a la accesibilidad:   silla de ruedas. préstamo de lupas línea guía y lupas tarjeta. préstamo en sala de telelupa. lector de pantalla nvda en los puestos de internet. bucle magnético en el mostrador de información, en el salón de actos y en el taller de ideas.",true,true,Metro: Ibiza (línea 9),Superficie: 3.794 metros cuadrados.  Puestos de lectura: 185  Puestos de Internet: 39   Sala especializada en medio ambiente.  Puestos de la sala polivalente: 90  Puestos de las 3 salas de trabajo en grupo: 6-8 personas en cada una.   Página en Facebook,1,6,,http://www.madrid.es/sites/v/index.jsp?vgnextchannel=bfa48ab43d6bb410VgnVCM100000171f5a0aRCRD&vgnextoid=e791bed05ceed310VgnVCM1000000b205a0aRCRD,FERNÁN NÚÑEZ,PASEO,PASEO FERNÁN NÚÑEZ 24,V,24,,,,,MADRID,MADRID,28009,5,Los Jeronimos,los-jeronimos,3,Retiro,retiro,442345,4474221,40.4166091081099,-3.6795930368034804,91 480 48 38,,bpeugeniotrias@madrid.es,/contenido/entidadesYorganismos/BibliotecasPublicas
167128,Biblioteca Pública Municipal Francisco Ayala (vicálvaro),"La Biblioteca Francisco Ayala está ubicada en el barrio de Valdebernardo, en el distrito de Vicálvaro. Se inauguró en marzo de 2005. El edificio de dos plantas está situado en el eje que vertebra el barrio, en la planta inferior se situan los servicios de acceso a Internet y préstamo de adultos. En la planta superior se encuentra la sala infantil, la sala de lectura y la sala de actividades.    Página en Facebook     Canal de WhatsApp",Apertura de lunes a viernes.  Horario: de 8:30 a 21 horas.  Verano (del 15 de junio al 15 de septiembre): de 8:30 a 20 horas.  Cerrado: festivos y los días 24 y 31 de diciembre.,"equipos de autopréstamo. préstamo de libros, multimedia y revistas. servicio de acceso público a internet. zona wifi. información bibliográfica. animación a la lectura y formación de usuarios.   herramientas de apoyo a la accesibilidad:   silla de ruedas. préstamo de lupas línea guía y lupas tarjeta. préstamo en sala de telelupa. lector de pantalla nvda en los puestos de internet. bucle magnético en el mostrador de información y bucle magnético para actividades.",true,true,Metro: Valdebernardo (línea 9),Superficie: 1.600 metros cuadrados.  Puestos de lectura: 205  Puestos de Internet: 11   Puestos de la sala polivalente   : 55,1,6,,http://www.madrid.es/sites/v/index.jsp?vgnextchannel=bfa48ab43d6bb410VgnVCM100000171f5a0aRCRD&vgnextoid=f05279262ef5d010VgnVCM1000000b205a0aRCRD,INDALECIO PRIETO,BULEVAR,BULEVAR INDALECIO PRIETO 21,V,21,,,,,MADRID,MADRID,28032,2,Valdebernardo,valdebernardo,19,Vicalvaro,vicalvaro,447278,4472321,40.39982891410407,-3.621281890570377,91 301 64 66,,bpfranciscoayala@madrid.es,/contenido/entidadesYorganismos/BibliotecasPublicas
1760,Biblioteca Pública Municipal Francisco Ibáñez (chamartín),"La Biblioteca Pública Francisco Ibáñez se encuentra situada en el Centro Cultural Nicolás Salmerón (sito en la calle Mantuano, 51), en el barrio de Chamartín. Proviene de la antigua Biblioteca de Chamartín, que fue inaugurada en 1983. En el año 2015, después de una profunda remodelación, cambió su denominación por la actual de Francisco Ibáñez. La alcaldesa, Ana María Botella, inauguró el 24 de marzo de 2015 las nuevas instalaciones y se proyectó este vídeo del guionista y dibujante de cómic que le da nombre en agradecimiento.    Página en Facebook     Canal de WhatsApp",Apertura de lunes a viernes.  Horario: de 8:30 a 21 horas.  Verano (del 15 de junio al 15 de septiembre): de 8:30 a 20 horas.  Cerrado: festivos y los días 24 y 31 de diciembre.,"préstamo de libros, multimedia y revistas. servicio de acceso público a internet. zona wifi. información bibliográfica. animación a la lectura y formación de usuarios.    herramientas de apoyo a la accesibilidad:   préstamo de lupas línea guía y lupas tarjeta. préstamo en sala de telelupa. lector de pantalla nvda en los puestos de internet. bucle magnético en el mostrador de información.",true,true,"Metro: Concha Espina (línea 9), Prosperidad (línea 4)",Superficie: 543 metros cuadrados.  Puestos de lectura: 108  Puestos de Internet: 20,1,6,,http://www.madrid.es/sites/v/index.jsp?vgnextchannel=bfa48ab43d6bb410VgnVCM100000171f5a0aRCRD&vgnextoid=0fce3d0b5e71c010VgnVCM1000000b205a0aRCRD,MANTUANO,CALLE,CALLE MANTUANO 51,V,51,,,,,MADRID,MADRID,28002,3,Ciudad Jardin,ciudad-jardin,5,Chamartin,chamartin,442766,4477922,40.44810636195716,-3.6762309620097398,91 510 37 56,,bpfranciscoibanez@madrid.es,/contenido/entidadesYorganismos/BibliotecasPublicas
12773298,Biblioteca Pública Municipal Francisco Umbral (villaverde),"La Biblioteca Francisco Umbral, situada en el barrio de Butarque, en el distrito de Villaverde, es un proyecto fruto del concurso organizado por el Ayuntamiento y el Colegio Oficial de Arquitectos de Madrid (COAM) en 2019, que fue fallado en julio de ese año y cuya propuesta ganadora fue la presentada por Miguel Ángel Díaz Camacho (MADC Arquitectura). El proyecto de obra se adjudicó el 5 de octubre de 2020. El alcalde José Luis Martínez Almeida inauguró la biblioteca en un acto celebrado el 20 de junio de 2025. Comparte edificio con el Centro Socio Cultural Marta Escudero Díaz-Tejeiro. La construcción de la biblioteca es un proyecto financiado por el Programa Operativo FEDER de la Comunidad de Madrid 2014-2020.       Canal de WhatsApp","Apertura de lunes a viernes.  Horario: de 8:30 a 21 horas.  Verano (del 15 de junio al 15 de septiembre): de 8:30 a 20 horas.  Cerrado: festivos y los días 24 y 31 de diciembre.  Sala de Estudio del Centro Socio Cultural Marta Escudero Díaz-Tejeiro: de lunes a viernes de 8 a 22 horas. Sábados, domingos y festivos: de 10 a 22 horas.","equipos de autopréstamo. préstamo de libros, multimedia y revistas. servicio de acceso público a internet. zona wifi. información bibliográfica. animación a la lectura y formación de usuarios.    herramientas de apoyo a la accesibilidad:   silla de ruedas. lector de pantalla nvda en los puestos de internet. bucle magnético en el mostrador de información. préstamo en sala de telelupa.",true,true,Cercanías: Villaverde Bajo.,Superficie: 930 metros cuadrados  Puestos de lectura: 76  Puestos de Internet: 18,1,6,,http://www.madrid.es/sites/v/index.jsp?vgnextchannel=bfa48ab43d6bb410VgnVCM100000171f5a0aRCRD&vgnextoid=b41595f0512c6910VgnVCM2000001f4a900aRCRD,CALCIO,CALLE,CALLE CALCIO 1,V,1,,,,,MADRID,MADRID,28021,3,Butarque,butarque,17,Villaverde,villaverde,442309,4466958,40.35118703272002,-3.679345889376551,915883223,,bpfranciscoumbral@madrid.es,/contenido/entidadesYorganismos/BibliotecasPublicas
1754,Biblioteca Pública Municipal Gabriel García Márquez (usera),"La Biblioteca Pública Municipal Gabriel García Marquez es heredera de la antigua biblioteca de la Meseta de Orcasur, abierta al público en 1983. En esta misma ubicación se abrió la actual biblioteca en 1987, y posteriormente fue remodelada en 2014. Fue en ese momento cuando se cambió el nombre por el de Gabriel García Marquez, en honor al escritor colombiano.    Página en Facebook     Canal de WhatsApp",Apertura de lunes a viernes.  Horario: de 8:30 a 21 horas.  Verano (del 15 de junio al 15 de septiembre): de 8:30 a 20 horas.  Cerrado: festivos y los días 24 y 31 de diciembre.,"péstamo de libros, multimedia y revistas. servicio de acceso público a internet. zona wifi. información bibliográfica. animación a la lectura y formación de usuarios.   herramientas de apoyo a la accesibilidad:   silla de ruedas. préstamo de lupas línea guía y lupas tarjeta. préstamo en sala de telelupa. lector de pantalla nvda en los puestos de internet. bucle magnético en el mostrador de información y bucle magnético para actividades.",true,true,Metro: San Fermín - Orcasur (línea 3) Cercanías Renfe: Orcasitas (línea C5),Superficie: 1.395 metros cuadrados.  Puestos de lectura: 142   Puestos de Internet: 27 y   Puestos de la sala polivalente: 55  Puestos de las 2 salas de trabajo en grupo.: 6 y 10 plazas.,1,6,,http://www.madrid.es/sites/v/index.jsp?vgnextchannel=bfa48ab43d6bb410VgnVCM100000171f5a0aRCRD&vgnextoid=e4bf3d0b5e71c010VgnVCM1000000b205a0aRCRD,PUEBLO,PLAZA,PLAZA PUEBLO 2,NUM,2,,,,CENTRO CULTURAL ORCASUR,MADRID,MADRID,28041,2,Orcasur,orcasur,12,Usera,usera,440472,4468702,40.366768324753416,-3.701141063083806,91 318 86 91,,bpgarciamarquez@madrid.es,/contenido/entidadesYorganismos/BibliotecasPublicas
1748,Biblioteca Pública Municipal Gerardo Diego (villa De Vallecas),"La Biblioteca de Vallecas Villa se abrió en 1987, en el local que había sido hasta entonces la escuela infantil del pueblo de Vallecas. Al transformarse en biblioteca, tomó el nombre del maestro de la antigua escuela -Francisco Fatou-, acudiendo a la inauguración su viuda, quien contribuyó con una importante aportación económica para la ampliación de sus fondos. En 1995 se trasladó desde la calle Manuel Vélez -donde quedó el Centro Cultural Francisco Fatou- a la vecina calle Monte Aya, en la que se inauguró un nuevo edificio el 22 de enero de 1996.  Su nueva sede se construyó sobre el solar del antiguo Cine Madrid. La práctica totalidad del edificio, salvo unas pequeñas dependencias destinadas a escuela de adultos, está dedicado a biblioteca. Es allí donde recibió su actual denominación como Biblioteca Pública Municipal Gerardo Diego. La biblioteca cuenta con un fondo especializado en la Shoá, con más de 1300 documentos, entre libros y multimedia, que nació en el año 2007 coincidiendo con el Día de las Víctimas del Holocausto.    Página en Facebook      Canal de WhatsApp",Apertura de lunes a viernes.  Horario: de 8:30 a 21 horas.  Verano (del 15 de junio al 15 de septiembre): de 8:30 a 20 horas.  Cerrado: festivos y los días 24 y 31 de diciembre.,"préstamo de libros, multimedia y revistas. servicio de acceso público a internet. zona wifi. información bibliográfica. animación a la lectura y formación de usuarios.   herramientas de apoyo a la accesibilidad:   silla de ruedas. préstamo de lupas línea guía y lupas tarjeta. préstamo en sala de telelupa. lector de pantalla nvda en los puestos de internet. bucle magnético en el mostrador de información y bucle magnético para actividades.",true,true,Metro: Villa de Vallecas (línea 1),Superficie: 1842 metros cuadrados.  Puestos de lectura: 154   Puestos de Internet: 16    Puestos de la sala polivalente  : 59,1,6,,http://www.madrid.es/sites/v/index.jsp?vgnextchannel=bfa48ab43d6bb410VgnVCM100000171f5a0aRCRD&vgnextoid=ca903d0b5e71c010VgnVCM1000000b205a0aRCRD,MONTE AYA,CALLE,CALLE MONTE AYA 12,NUM,12,,,,,MADRID,MADRID,28031,,Casco Historico Vallecas,casco-historico-vallecas,,Villa De Vallecas,villa-de-vallecas,447138,4469889,40.37790196240434,-3.6227296605039516,91 380 66 33,,bpgerardodiego@madrid.es,/contenido/entidadesYorganismos/BibliotecasPublicas
79941,Biblioteca Pública Municipal Gloria Fuertes (barajas),"La Biblioteca Pública Municipal Gloria Fuertes fue inaugurada en octubre del año 2001 asistiendo al acto el entonces alcalde, José María Álvarez del Manzano. El edificio es un proyecto de nueva planta de la arquitecta Carmen Blanco Hernández para albergar un centro cultural y la única biblioteca que, en la actualidad, presta servicio a los vecinos del distrito de Barajas. Desde los grandes ventanales que recorren la primera y segunda planta, donde se ubica la biblioteca, se aprecian los restos del reconstruido castillo de los Zapata, único que se conserva en el término municipal de Madrid, y un extenso olivar que pone límite al moderno Parque Juan Carlos I.    Página en Facebook     Canal de WhatsApp",Apertura de lunes a viernes.  Horario: de 8:30 a 21 horas.  Verano (del 15 de junio al 15 de septiembre): de 8:30 a 20 horas.  Cerrado: festivos y los días 24 y 31 de diciembre.,"préstamo de libros, multimedia y revistas. servicio de acceso público a internet. zona wifi. información bibliográfica. animación a la lectura y formación de usuarios.   herramientas de apoyo a la accesibilidad:   préstamo de lupas línea guía y lupas tarjeta. préstamo en sala de telelupa. lector de pantalla nvda en los puestos de internet. bucle magnético en el mostrador de información y bucle magnético para actividades.",true,true,Metro: Alameda de Osuna (línea 5),Superficie: 672 metros cuadrados.  Puestos de lectura: 119  Puestos de Internet: 9    Puestos de la sala polivalente   : 30,1,6,,http://www.madrid.es/sites/v/index.jsp?vgnextchannel=bfa48ab43d6bb410VgnVCM100000171f5a0aRCRD&vgnextoid=1f64c2c6e051c010VgnVCM2000000c205a0aRCRD,LOGROÑO,AVENIDA,AVENIDA LOGROÑO 179,V,179,,,,,MADRID,MADRID,28042,5,Corralejos,corralejos,21,Barajas,barajas,449661,4479046,40.46055947228695,-3.5937461811785347,91 312 02 58,,bpgloriafuertes@madrid.es,/contenido/entidadesYorganismos/BibliotecasPublicas
1750,Biblioteca Pública Municipal Huerta De La Salud (hortaleza),"Su antecedente fue una pequeña biblioteca que había en la calle de Santa Virgilia y dependía de la Junta de Distrito. En enero de 1987 se inaugura el centro actual dentro del parque Huerta de la Salud, situado en los terrenos de una antigua quinta cuyos orígenes se remontan al siglo XVIII. Esta quinta fue a principios del siglo XX un próspero negocio agropecuario con nuevos y originales elementos arquitectónicos, entre los que destacaba el silo, ahora emblema de Hortaleza. Caída la quinta en el abandono poco antes de la Guerra Civil, se derribaron a principios de los años ochenta algunas de sus construcciones, como el mirador o palomar y el granero, y solo quedaron, al menos en parte, tres edificaciones. La biblioteca ocupó la estructura rehabilitada de uno de ellos, donde habían estado los establos del recinto, compartiendo espacio con el Centro Cultural Huerta de la Salud. En 1995, se traslada a otra construcción de la antigua quinta, donde se encuentra actualmente. El edificio -conocido como el corredor- había servido para guardar arados y herramientas y para dormir parte del personal. En 2006 y 2007 se realiza una profunda reforma y adquiere su actual fisonomía. Por su historia, el edificio de la biblioteca conserva cierto aire arquitectónico rural. En octubre de 2018, su suerte se unió a la tercera construcción histórica del conjunto: el Silo, al que se había añadido un magnífico mirador a principios del siglo XXI y donde se realizan algunas actividades de la biblioteca.     Canal de WhatsApp",Apertura de lunes a viernes.  Horario: de 8:30 a 21 horas.  Verano (del 15 de junio al 15 de septiembre): de 8:30 a 20 horas.  Cerrado: festivos y los días 24 y 31 de diciembre.,"préstamo de libros, multimedia y revistas. servicio de acceso público a internet. zona wifi. información bibliográfica. animación a la lectura y formación de usuarios.   herramientas de apoyo a la accesibilidad:   préstamo de lupas línea guía y lupas tarjeta. préstamo en sala de telelupa. lector de pantalla nvda en los puestos de internet. bucle magnético en el mostrador de información.",true,true,Metro: Parque de Santa María (línea 4),Superficie: 450 metros cuadrados.  Puestos de lectura: 77  Puestos de Internet: 7,1,6,,http://www.madrid.es/sites/v/index.jsp?vgnextchannel=bfa48ab43d6bb410VgnVCM100000171f5a0aRCRD&vgnextoid=9c5879262ef5d010VgnVCM1000000b205a0aRCRD,MAR DE LAS ANTILLAS,CALLE,CALLE MAR DE LAS ANTILLAS 10,V,10,,,,,MADRID,MADRID,28033,4,Pinar Del Rey,pinar-del-rey,16,Hortaleza,hortaleza,445295,4480968,40.47571688103069,-3.64667257750353,91 764 52 43,,bphuertasalud@madrid.es,/contenido/entidadesYorganismos/BibliotecasPublicas
5975465,Biblioteca Pública Municipal Iván De Vargas (centro),"La Biblioteca Pública Municipal Iván de Vargas fue inaugurada el 28 de febrero de 2011. Se encuentra situada en el corazón del Madrid de los Austrias y ocupa el espacio de un antiguo caserón perteneciente a uno de los linajes más antiguos de Madrid: los Vargas, siendo Iván de Vargas señor del patrón de la ciudad, San Isidro Labrador. Fue proyectada por el arquitecto Ramón Andrade y responde a un diálogo entre tradición y vanguardia utilizando granito, cristal y madera. Destacan en el interior dos magnolios centenarios y el brocal de un pozo con una imagen medieval labrada de San Isidro.  Por sus raíces históricas en la ciudad, la Biblioteca dispone de una sala de lectura especializada en fondos documentales sobre Madrid y cuenta actualmente con un depósito por 4 años del Centro Sefarad: la Biblioteca Isaac Revah sobre cultura judía, sociedad, literatura, etc. Cuenta también con una destacada colección de fanzines formada por donaciones de artistas que han participado en presentaciones y festivales de fanzines realizados en la biblioteca. Se pueden consultar todos los títulos en  este enlace .    Perfil en Instagram     Canal de WhatsApp","Apertura de lunes a domingo.  Horario: de lunes a viernes de 8:30 a 21 horas; sábados y domingos de 8:30 a 15 horas.   Verano (del 15 de junio al 15 de septiembre): de lunes a viernes de 8:30 a 20 horas; sábados y domingos de 8:30 a 14 horas.   Cerrado: festivos, Semana Santa (de jueves a domingo), los dos últimos fines de semana de julio y los fines de semana de agosto, el 24 y 31 de diciembre.","equipos de autopréstamo. préstamo de libros, multimedia y revistas. servicio de acceso público a internet. zona wifi. información bibliográfica. animación a la lectura y formación de usuarios. buzón exterior para devolución de fondos 24 horas.   herramientas de apoyo a la accesibilidad:   silla de ruedas. préstamo de lupas línea guía y lupas tarjeta. préstamo en sala de telelupa. lector de pantalla nvda en los puestos de internet. bucle magnético en el mostrador de información y bucle magnético para actividades.",true,true,"Metro: Sol (líneas 1, 2 y 3), Latina (línea 5) y Ópera (línea 2) Cercanías Renfe: Sol (líneas C3 y C4)",Superficie:  2.884 metros cuadrados.  Puestos de lectura:  132  Puestos de Internet:  17    Puestos de la sala polivalente   : 60  Sala Madrid.,1,6,,http://www.madrid.es/sites/v/index.jsp?vgnextchannel=bfa48ab43d6bb410VgnVCM100000171f5a0aRCRD&vgnextoid=0b60e92be3c5e210VgnVCM1000000b205a0aRCRD,SAN JUSTO,CALLE,CALLE SAN JUSTO 5,V,5,,,,,MADRID,MADRID,28005,1,Palacio,palacio,1,Centro,centro,439775,4473962,40.41410290844665,-3.7098591212735883,917 586 211,,bpivandevargas@madrid.es,/contenido/entidadesYorganismos/BibliotecasPublicas
115056,Biblioteca Pública Municipal José Hierro (san Blas-canillejas),"La Biblioteca Pública Municipal José Hierro fue inaugurada el 11 de marzo de 2003, asistiendo a la inauguración la viuda del escritor y el entonces alcalde José María Álvarez del Manzano. Se trata de un edificio próximo a la Junta de Distrito, con la que comparte un amplio espacio ajardinado.    Página en Facebook     Canal de WhatsApp",Apertura de lunes a viernes.  Horario: de 8:30 a 21 horas.  Verano (del 15 de junio al 15 de septiembre): de 8:30 a 20 horas.  Cerrado: festivos y los días 24 y 31 de diciembre.,"equipos de autopréstamo. préstamo de libros, multimedia y revistas. servicio de acceso público a internet. zona wifi. información bibliográfica. animación a la lectura y formación de usuarios.   herramientas de apoyo a la accesibilidad:   silla de ruedas. préstamo de lupas línea guía y lupas tarjeta. préstamo en sala de telelupa. lector de pantalla nvda en los puestos de internet. bucle magnético en el mostrador de información y bucle magnético para actividades.",true,true,Metro: Las Musas (línea 7),Superficie: 1.866 metros cuadrados.  Puestos de lectura: 227  Puestos de Internet: 13   Puestos de la sala polivalente   : 62,1,6,,http://www.madrid.es/sites/v/index.jsp?vgnextchannel=bfa48ab43d6bb410VgnVCM100000171f5a0aRCRD&vgnextoid=338879262ef5d010VgnVCM1000000b205a0aRCRD,MARIA SEVILLA DIAGO,CALLE,CALLE MARIA SEVILLA DIAGO 15,V,15,,,,,MADRID,MADRID,28022,5,Rosas,rosas,20,San Blas-canillejas,san-blas-canillejas,448214,4476029,40.433291625973624,-3.6105662311927453,91 313 55 28 / 91 313 55 31,,bpjosehierro@madrid.es,/contenido/entidadesYorganismos/BibliotecasPublicas
1790,Biblioteca Pública Municipal José Saramago (fuencarral-el Pardo),"La Biblioteca Municipal José Saramago se inauguró el 5 de noviembre de 1990, con el nombre de Biblioteca de la Vaguada. El origen es la antigua Biblioteca de Peñagrande situada en el Centro Cultural Rafael de León. Las instalaciones eran insuficientes para uno de los distritos más grandes de Madrid, y gracias al proyecto del Centro Cívico de La Vaguada se subsanó, por un lado la falta de espacio y por otro se mejoró su ubicación al situarse junto al Centro Comercial La Vaguada. El edificio forma parte de un proyecto diseñado en 1982 por los arquitectos Javier San José Marqués y Jordi Parcerisas Vázquez. La organización del edificio se realizó por medio de una secuencia de arcos que unían entre sí los diferentes espacios. En el año 2011 cambio su denominación por la actual de José Saramago.    Página en Facebook      Canal de WhatsApp",Apertura de lunes a viernes.  Horario: de 8:30 a 21 horas.  Verano (del 15 de junio al 15 de septiembre): de 8:30 a 20 horas.  Cerrado: festivos y los días 24 y 31 de diciembre.,"préstamo de libros, multimedia y revistas. zona wifi. información bibliográfica. animación a la lectura y formación de usuarios.   herramientas de apoyo a la accesibilidad:   silla de ruedas. préstamo de lupas línea guía y lupas tarjeta. préstamo en sala de telelupa. lector de pantalla nvda en los puestos de internet. bucle magnético en el mostrador de información y bucle magnético para actividades.",false,true,"Metro: Barrio del Pilar (línea 9), Peñagrande (línea 7)",Superficie: 1.276 metros cuadrados.  Puestos de lectura: 204  Puestos de Internet: 16 Puestos de la  sala polivalente : 76   Sala de trabajo en grupo.,1,5,6,http://www.madrid.es/sites/v/index.jsp?vgnextchannel=bfa48ab43d6bb410VgnVCM100000171f5a0aRCRD&vgnextoid=70d879262ef5d010VgnVCM1000000b205a0aRCRD,MONFORTE DE LEMOS,AVENIDA,AVENIDA MONFORTE DE LEMOS 38,V,38,,,,,MADRID,MADRID,28029,4,El Pilar,el-pilar,8,Fuencarral-el Pardo,fuencarral-el-pardo,439867,4481122,40.47860087334554,-3.7094408342979954,91 588 68 91,,bpjosesaramago@madrid.es,/contenido/entidadesYorganismos/BibliotecasPublicas
1756,Biblioteca Pública Municipal La Chata (carabanchel),"La Biblioteca Pública La Chata abrió sus puertas por primera vez al público el Día de la Biblioteca, 24 de octubre, de 2005. Posteriormente, ll 13 de agosto de 2006, el Alcalde Ruiz-Gallardón, acompañado por la Concejala de Las Artes, Alicia Moreno, procedió a su inauguración oficial. El nombre de la biblioteca, La Chata, alude a Isabel de Borbón, hermana de Alfonso XII, que acudía regularmente a Carabanchel por ser una gran amante de los toros y a la Finca Vista Alegre que pertenecía a la familia real. También alude al nombre popular de la plaza de toros de Vista Alegre, denominada así por ser muy baja, achatada. Por lo tanto es un nombre muy &amp;ldquo;carabanchelero&amp;rdquo;.    Página en Facebook     Canal de WhatsApp",Apertura de lunes a viernes.  Horario: de 8:30 a 21 horas.  Verano (del 15 de junio al 15 de septiembre): de 8:30 a 20 horas.  Cerrado: festivos y los días 24 y 31 de diciembre.,"préstamo de libros, multimedia, revistas. servicio de acceso público a internet. zona wifi. información bibliográfica. animación a la lectura y formación de usuarios.   herramientas de apoyo a la accesibilidad:   silla de ruedas. préstamo de lupas línea guía y lupas tarjeta. préstamo en sala de telelupa. lector de pantalla nvda en los puestos de internet. bucle magnético en el mostrador de información.",true,true,"Metro: Eugenia de Montijo, Carabanchel (línea 5)",Superficie: 1.600 metros cuadrados  Puestos de lectura: 223  Puestos de Internet: 17,1,6,,http://www.madrid.es/sites/v/index.jsp?vgnextchannel=bfa48ab43d6bb410VgnVCM100000171f5a0aRCRD&vgnextoid=d9a879262ef5d010VgnVCM1000000b205a0aRCRD,GENERAL RICARDOS,CALLE,CALLE GENERAL RICARDOS 252,NUM,252,,,,Antiguo Mercado de Carabanchel,MADRID,MADRID,28025,4,Vista Alegre,vista-alegre,11,Carabanchel,carabanchel,437014,4470566,40.38330593504341,-3.7420633861175796,91 422 05 33,,bplachata@madrid.es,/contenido/entidadesYorganismos/BibliotecasPublicas
51849,Biblioteca Pública Municipal La Elipa (ciudad Lineal),"La Biblioteca Pública Municipal La Elipa fue inaugurada en el año 2000. Su origen se remonta a la Biblioteca Pública de Quintana, que estaba situada en el Centro Cultural Sambara. En el año 2000 se trasladó a su actual ubicación, en lo que era el antiguo Colegio Islas Filipinas, del que tomaría su nombre. Permanece cerrada entre otoño de 2007 y primavera de 2009, reformándose para mejorar su accesibilidad y reabriendo sus puertas en marzo de ese año. Se denomina Biblioteca Municipal Islas Filipinas hasta octubre de 2016, que a instancia de los vecinos del barrio, y de acuerdo a los informes elaborados por la Dirección General de Bibliotecas, es aprobado el cambio de denominación en el Pleno de la Junta Municipal de Ciudad Lineal. Actualmente la biblioteca toma el nombre del barrio en el que está ubicada y al cual presta servicio.    Página en Facebook",Apertura de lunes a viernes.  Horario: de 8:30 a 21 horas.  Verano (del 15 de junio al 15 de septiembre): de 8:30 a 20 horas.  Cerrado: festivos y los días 24 y 31 de diciembre.,"préstamo de libros, multimedia y revistas. servicio de acceso público a internet. zona wifi. información bibliográfica. animación a la lectura y formación de usuarios.   herramientas de apoyo a la accesibilidad:   silla de ruedas. préstamo de lupas línea guía y lupas tarjeta. préstamo en sala de telelupa. lector de pantalla nvda en los puestos de internet. bucle magnético en el mostrador de información.",true,true,Metro: La Elipa (línea 2),Superficie: 980 metros cuadrados  Puestos de lectura: 102  Puestos de Internet: 10,1,6,,http://www.madrid.es/sites/v/index.jsp?vgnextchannel=bfa48ab43d6bb410VgnVCM100000171f5a0aRCRD&vgnextoid=697c598d1351c010VgnVCM1000000b205a0aRCRD,NUESTRA SE&amp;Ntilde;ORA DEL VILLAR,CALLE,CALLE NUESTRA SE&amp;Ntilde;ORA DEL VILLAR 6,V,6,,,,,MADRID,MADRID,28017,1,Ventas,ventas,15,Ciudad Lineal,ciudad-lineal,444705,4474959,40.42343352863466,-3.6518288644365704,91 403 63 22,,bplaelipa@madrid.es,/contenido/entidadesYorganismos/BibliotecasPublicas
185595,Biblioteca Pública Municipal Manuel Vázquez Montalbán (tetuán),"La Biblioteca Manuel Vázquez Montalbán se abrió al público el 4 de agosto de 2006. Se trata de un edificio diseñado por la arquitecta Isabel Huete Chugunowa, en el que comparten instalaciones la biblioteca y una Escuela Municipal de Música.    Página en Facebook     Canal de WhatsApp",Apertura de lunes a viernes.  Horario: de 8:30 a 21 horas.  Verano (del 15 de junio al 15 de septiembre): de 8:30 a 20 horas.  Cerrado: festivos y los días 24 y 31 de diciembre.,"equipos de autopréstamo. préstamo de libros, multimedia y revistas. servicio de acceso público a internet. zona wifi. información bibliográfica. animación a la lectura y formación de usuarios.   herramientas de apoyo a la accesibilidad:   silla de ruedas. préstamo de lupas línea guía y lupas tarjeta. préstamo en sala de telelupa. lector de pantalla nvda en los puestos de internet. bucle magnético en el mostrador de información y bucle magnético para actividades.",true,true,Metro: Francos Rodríguez (línea 7),Superficie: 1.372 metros cuadrados  Puestos de lectura: 151  Puestos de Internet: 11   Puestos de la sala polivalente   : 40,1,6,,http://www.madrid.es/sites/v/index.jsp?vgnextchannel=bfa48ab43d6bb410VgnVCM100000171f5a0aRCRD&vgnextoid=b5ca89e2c9e5d010VgnVCM1000000b205a0aRCRD,FRANCOS RODRIGUEZ,CALLE,CALLE FRANCOS RODRIGUEZ 67,V,67,,,,,MADRID,MADRID,28039,1,Bellas Vistas,bellas-vistas,6,Tetuan,tetuan,439755,4478779,40.45749513485957,-3.710539712535917,"91 398 07 23                                                                                                                                     
91 398 07 26",,bpvazquezmontalban@madrid.es,/contenido/entidadesYorganismos/BibliotecasPublicas
7697128,Biblioteca Pública Municipal Mario Vargas Llosa (centro),"La Biblioteca Mario Vargas Llosa fue inaugurada por el Premio Nobel de Literatura que le da su nombre el 17 de noviembre del 2014. La biblioteca tiene su origen en la remodelación del complejo Barceló que incluye un mercado, que sustituye al que existía antiguamente, un polideportivo, un parking y la biblioteca.     Página en Facebook     Canal de WhatsApp",Apertura de lunes a viernes.  Horario: de 8:30 a 21 horas.  Verano (del 15 de junio al 15 de septiembre): de 8:30 a 20 horas.  Cerrado: festivos y los días 24 y 31 de diciembre.,"equipos de autopréstamo. préstamo de libros, multimedia y revistas. servicio de acceso público a internet. zona wifi. información bibliográfica. animación a la lectura y formación de usuarios.   herramientas de apoyo a la accesibilidad:   silla de ruedas. préstamo de lupas línea guía y lupas tarjeta. préstamo en sala de telelupa. lector de pantalla nvda en los puestos de internet. bucle magnético en el mostrador de información y bucle magnético para actividades.",true,true,"Metro: Alonso Martínez (línea 10), Tribunal (líneas 1 y 10)","Superficie: 1.589,46 metros cuadrados  Puestos de lectura: 122  Puestos de Internet: 21   Puestos sala polivalente   : 20",1,6,,http://www.madrid.es/sites/v/index.jsp?vgnextchannel=bfa48ab43d6bb410VgnVCM100000171f5a0aRCRD&vgnextoid=6c4dbc2658739410VgnVCM2000000c205a0aRCRD,BARCELO,CALLE,CALLE BARCELO 4,V,4,,,,,MADRID,MADRID,28004,4,Justicia,justicia,1,Centro,centro,440645,4475347,40.426642215368176,-3.699722994908341,914 802 433,,bpvargasllosa@madrid.es,/contenido/entidadesYorganismos/BibliotecasPublicas
10395362,Biblioteca Pública Municipal María Lejárraga (hortaleza),"La Dirección General de Bibliotecas, en colaboración con la Alcaldía del Ayuntamiento de Madrid, decidieron asignar el nombre de María Lejárraga a la biblioteca abierta en el Centro Cultural Sanchinarro el 12 de junio del 2017. Esta denominación viene a dar continuidad a la misión de asignar a la bibliotecas con nombres de escritores y escritoras de época contemporánea que hayan tenido especial trascendencia en el mundo de las letras.    Página en Facebook     Canal de WhatsApp","Apertura de lunes a domingo.  Horario: de lunes a viernes de 8:30 a 21 horas; sábados y domingos de 8:30 a 15 horas. Verano (del 15 de junio al 15 de septiembre): de lunes a viernes de 8:30 a 20 horas; sábados y domingos de 8:30 a 14 horas. Cerrado: festivos, Semana Santa (de jueves a domingo), los dos últimos fines de semana de julio y los fines de semana de agosto, el 24 y 31 de diciembre.   Sala de Estudio: de lunes a viernes de 9 a 22 horas. Sábados, domingos y festivos: de 10 a 22 horas.","préstamo de libros, multimedia y revistas. servicio de acceso público a internet. zona wifi. información bibliográfica. animación a la lectura y formación de usuarios.   herramientas de apoyo a la accesibilidad:   silla de ruedas. préstamo de lupas línea guía y lupas tarjeta. préstamo en sala de telelupa. lector de pantalla nvda en los puestos de internet. bucle magnético en el mostrador de información y bucle magnético para actividades.",true,true,Metro: Blasco Ibáñez y Virgen del Cortijo (línea C2 Metro Ligero),Superficie: 982 metros cuadrados  Puestos de lectura: 168  Puestos de Internet: 25  Puestos de la sala polivalente: 50,1,6,,http://www.madrid.es/sites/v/index.jsp?vgnextchannel=bfa48ab43d6bb410VgnVCM100000171f5a0aRCRD&vgnextoid=d862492de8c8c510VgnVCM2000001f4a900aRCRD,PRINCESA DE EBOLI,CALLE,CALLE PRINCESA DE EBOLI 29,V,29,,,,,MADRID,MADRID,28050,6,Valdefuentes,valdefuentes,16,Hortaleza,hortaleza,444461,4482397,40.49041562546542,-3.655356751728003,91 513 33 83,,bpmarialejarraga@madrid.es,/contenido/entidadesYorganismos/BibliotecasPublicas
1759,Biblioteca Pública Municipal María Zambrano (tetuán),"La Biblioteca Pública Municipal María Zambrano se inauguró el 29 de octubre de 2010 dentro del Centro Cultural Eduardo Úrculo (inaugurado a su vez el 15 de octubre de 2009), en el barrio de Ventilla, dentro del distrito de Tetuán en Madrid. Al acto acudieron el alcalde Alberto Ruiz Gallardón y la Delegada del Área de Las Artes Alicia Moreno. Esta biblioteca es consecuencia de la necesidad de ampliar la Biblioteca de Tetuán, situada en el antiguo edificio de la Junta Municipal del mismo nombre (Bravo Murillo 357).  La Biblioteca de Tetuán fue inaugurada en 1982 por el alcalde Enrique Tierno Galván, dentro del edificio de la Junta Municipal, y fue una de las primeras de la red municipal de Bibliotecas del Ayuntamiento de Madrid. Era heredera de la biblioteca creada en la nueva Casa Consistorial del antiguo pueblo de Chamartín de la Rosa en 1934.    Página en Facebook     Canal de WhatsApp",Apertura de lunes a viernes.  Horario: de 8:30 a 21 horas.  Verano (del 15 de junio al 15 de septiembre): de 8:30 a 20 horas.  Cerrado: festivos y los días 24 y 31 de diciembre.  Sala de estudio: de lunes a viernes de 8:30 a 21 horas. En época de exámenes amplía su horario hasta la 1 de la madrugada.,servicio de acceso público a internet. zona wifi. información bibliográfica. animación a la lectura y formación de usuarios.   herramientas de apoyo a la accesibilidad:   silla de ruedas. préstamo de lupas línea guía y lupas tarjeta. préstamo en sala de telelupa. lector de pantalla nvda en los puestos de internet. bucle magnético en el mostrador de información y bucle magnético para actividades. señalización para personas con discapacidad intelectual mediante pictogramas.,true,true,Metro: Ventilla (línea 9),Superficie: 1.551 metros cuadrados  Puestos de lectura: 123  Puestos de Internet: 21  Puestos de la sala polivalente : 17,1,6,,http://www.madrid.es/sites/v/index.jsp?vgnextchannel=bfa48ab43d6bb410VgnVCM100000171f5a0aRCRD&vgnextoid=74703d0b5e71c010VgnVCM1000000b205a0aRCRD,DONOSO,PLAZA,PLAZA DONOSO 5,V,5,,,,En el Centro Cultural Eduardo Úrculo,MADRID,MADRID,28029,4,Almenara,almenara,6,Tetuan,tetuan,440857,4480052,40.46903299144094,-3.6976620067964996,91 733 90 43,,bpmariazambrano@madrid.es,/contenido/entidadesYorganismos/BibliotecasPublicas
1752,Biblioteca Pública Municipal Miguel Delibes (moratalaz),"La Biblioteca Pública Municipal de Moratalaz fue inaugurada en el año 1986. Su primera ubicación fue dentro del parque Darwin, en unas edificaciones que la Inmobiliaria Urbis utilizó como pisos piloto para la venta de las viviendas y donó luego al Ayuntamiento. La primera instalación se concibió como un quiosco de libros de préstamo. Posteriormente se le añadió otro módulo de los pisos piloto. Con el desarrollo del distrito, se decide la construcción de una nueva biblioteca. El proyecto, firmado por la arquitecta municipal Isabel Huete Chugunowa, comprende cuatro plantas con un total de 2.012 m&amp;sup2;. Se inauguró el 18 de octubre del año 2001, en acto presidido por Don José María Álvarez del Manzano, alcalde del Ayuntamiento de Madrid. En 2010 se le da el nombre del escritor Miguel Delibes.    Página en Facebook     Canal de WhatsApp",Apertura de lunes a viernes.  Horario: de 8:30 a 21 horas.  Verano (del 15 de junio al 15 de septiembre): de 8:30 a 20 horas.  Cerrado: festivos y los días 24 y 31 de diciembre.,"préstamo de libros, multimedia y revistas. servicio de acceso público a internet. zona wifi. información bibliográfica. animación a la lectura y formación de usuarios.   herramientas de apoyo a la accesibilidad:   silla de ruedas. préstamo de lupas línea guía y lupas tarjeta. préstamo en sala de telelupa. lector de pantalla nvda en los puestos de internet. bucle magnético en el mostrador de información y bucle magnético para actividades.",true,true,Metro: Vinateros (línea 9),Superficie: 1.894 metros cuadrados  Puestos de lectura: 258  Puestos de Internet: 14  Puestos de la sala polivalente : 60,1,6,,http://www.madrid.es/sites/v/index.jsp?vgnextchannel=bfa48ab43d6bb410VgnVCM100000171f5a0aRCRD&vgnextoid=9e8f3d0b5e71c010VgnVCM1000000b205a0aRCRD,ARROYO BELINCOSO,CALLE,CALLE ARROYO BELINCOSO 11,NUM,11,,,,JUNTO A CENTRO CULTURAL EDUARDO CHILLIDA,MADRID,MADRID,28030,4,Media Legua,media-legua,14,Moratalaz,moratalaz,444597,4473439,40.40971737692924,-3.6529822109115133,91 328 73 00,,bpmigueldelibes@madrid.es,/contenido/entidadesYorganismos/BibliotecasPublicas
186714,Biblioteca Pública Municipal Pablo Neruda (ciudad Lineal),"La Biblioteca Pablo Neruda fue inaugurada en septiembre de 2006 por la Concejala del Área de Las Artes. La entrada a la biblioteca está presidida por un conjunto escultórico dedicado a Pablo Neruda, del escultor Julio López Hernández. Concebido en altorrelieve y en bronce, representa al escritor escribiendo en su mesa, junto con otros elementos entresacados de su casa de 'Isla Negra'. La biblioteca es un edificio de nueva planta, exento, de tres alturas, que comparte dependencias con un Centro Día. La entrada es diáfana y luminosa y en ella se encuentra el mostrador de préstamo, la zona multimedia, la hemeroteca, la comiteca y el fondo bibliográfico. La segunda planta alberga una sección juvenil, la sala infantil, la sala de referencia y el despacho de bibliotecarios. En la tercera está la sala polivalente.    Página en Facebook     Canal de WhatsApp",Apertura de lunes a viernes.  Horario: de 8:30 a 21 horas.  Verano (del 15 de junio al 15 de septiembre): de 8:30 a 20 horas.  Cerrado: festivos y los días 24 y 31 de diciembre.,"equipos de autopréstamo. préstamo de libros, multimedia y revistas. servicio de acceso público a internet. zona wifi. información bibliográfica. animación a la lectura y formación de usuarios.   herramientas de apoyo a la accesibilidad:   silla de ruedas. préstamo de lupas línea guía y lupas tarjeta. préstamo en sala de telelupa. lector de pantalla nvda en los puestos de internet. bucle magnético en el mostrador de información y bucle magnético para actividades.",true,true,Metro: Ascao (línea 7),Superficie: 1.500 metros cuadrados  Puestos de lectura: 192  Puestos de Internet: 14  Puestos de la sala polivalente: 75,1,6,,http://www.madrid.es/sites/v/index.jsp?vgnextchannel=bfa48ab43d6bb410VgnVCM100000171f5a0aRCRD&vgnextoid=d5c548d20675e010VgnVCM1000000b205a0aRCRD,ASCAO,CALLE,CALLE ASCAO 4,V,4,,,,,MADRID,MADRID,28017,2,Pueblo Nuevo,pueblo-nuevo,15,Ciudad Lineal,ciudad-lineal,445570,4475617,40.42941133441142,-3.6416899839787695,91 406 14 72,,bppabloneruda@madrid.es,/contenido/entidadesYorganismos/BibliotecasPublicas
1753,Biblioteca Pública Municipal Portazgo (puente De Vallecas),"La Biblioteca de Portazgo fue inaugurada el 20 de octubre de 1983 compartiendo espacio con el edificio del Centro Cultural Alberto Sánchez. Fue una de las bibliotecas pioneras en formar parte de la incipiente red de Bibliotecas Públicas del Ayuntamiento de Madrid, hace más de 30 años. En 2006 fue remodelada y ampliada incorporando espacios del Centro Cultural. Actualmente cuenta con dos plantas, en la planta baja encontramos la sala infantil, un pequeño espacio para la prensa y el mostrador de préstamo, además del servicio de Internet. La planta primera funciona como sala de lectura y en ella se encuentra el fondo de adultos.    Página en Facebook     Canal de WhatsApp",Apertura de lunes a viernes.  Horario: de 8:30 a 21 horas.  Verano (del 15 de junio al 15 de septiembre): de 8:30 a 20 horas.  Cerrado: festivos y los días 24 y 31 de diciembre.,"préstamo de libros, multimedia y revistas. servicio de acceso público a internet. zona wifi. información bibliográfica. animación a la lectura y formación de usuarios.   herramientas de apoyo a la accesibilidad:   silla de ruedas. préstamo de lupas línea guía y lupas tarjeta. préstamo en sala de telelupa. lector de pantalla nvda en los puestos de internet. bucle magnético en el mostrador de información.",true,true,"Metro: Portazgo, Buenos Aires (línea 1)",Superficie: 550 metros cuadrados  Puestos de lectura: 116  Puestos de Internet: 7,1,6,,http://www.madrid.es/sites/v/index.jsp?vgnextchannel=bfa48ab43d6bb410VgnVCM100000171f5a0aRCRD&vgnextoid=89a40a47f441f010VgnVCM2000000c205a0aRCRD,CANTALAPIEDRA,CALLE,CALLE CANTALAPIEDRA 11,V,11,,,,,MADRID,MADRID,28038,6,Numancia,numancia,13,Puente De Vallecas,puente-de-vallecas,444376,4471605,40.393189968014696,-3.6554147649183943,91 757 03 23,,bpportazgo@madrid.es,/contenido/entidadesYorganismos/BibliotecasPublicas
1792,Biblioteca Pública Municipal Pozo Del Tío Raimundo (puente De Vallecas),"La Biblioteca Pública Pozo del Tío Raimundo fue inaugurada el 15 de octubre de 1991, compartiendo edificio con el Centro Cultural Pozo del Tío Raimundo.    Página en Facebook     Canal de WhatsApp","Apertura de lunes a viernes.  Horario: de 8:30 a 21 horas.  Verano (del 15 de junio al 15 de septiembre): de 8:30 a 20 horas.  Cerrado: festivos, durante el mes de agosto, los días 24 y 31 de diciembre.","préstamo de libros, multimedia y revistas. servicio de acceso público a internet. zona wifi. información bibliográfica. animación a la lectura y formación de usuarios.   herramientas de apoyo a la accesibilidad:   silla de ruedas. préstamo de lupas línea guía y lupas tarjeta. lector de pantalla nvda en los puestos de internet. bucle magnético en el mostrador de información.",true,true,"Cercanías Renfe: El Pozo (líneas C2, C7 y C8)",Superficie: 315 metros cuadrados  Puestos de lectura: 81  Puestos de Internet: 7,1,6,,http://www.madrid.es/sites/v/index.jsp?vgnextchannel=bfa48ab43d6bb410VgnVCM100000171f5a0aRCRD&vgnextoid=d7203d0b5e71c010VgnVCM1000000b205a0aRCRD,GLORIETAS,AVENIDA,AVENIDA GLORIETAS 19,NUM,19,,,,EN C. CULTURAL POZO TIO RAIMUNDO,MADRID,MADRID,28053,1,Entrevias,entrevias,13,Puente De Vallecas,puente-de-vallecas,443950,4469433,40.3735856436473,-3.6602546064905397,91 507 07 34,,bppozotr@madrid.es,/contenido/entidadesYorganismos/BibliotecasPublicas
1763,Biblioteca Pública Municipal Pío Baroja (arganzuela),"La Biblioteca Pío Baroja fue inaugurada el 11 de febrero de 1993. En realidad se trataba de un traslado de la Biblioteca de Arganzuela ubicada entonces en el edificio Casa del Reloj (antiguo pabellón central de Matadero) donde compartía espacio con el centro cultural. La construcción de un nuevo edificio coincidió con la ejecución de la operación urbanística Pasillo Verde Ferroviario. El edificio de la biblioteca está distribuido en tres plantas, dos de acceso público. En la primera planta, se encuentran la recepción, servicio de préstamo y sala infantil. La segunda planta es un semisótano donde se ubican la sala de lectura, las publicaciones periódicas y los puestos de consulta de Internet. El elemento mas llamativo del edificio es la claraboya que desde la cubierta crea un patio acristalado y suministra luz a la sala de lectura.    Página en Facebook     Canal de WhatsApp",Apertura de lunes a viernes.  Horario: de 8:30 a 21 horas.  Verano (del 15 de junio al 15 de septiembre): de 8:30 a 20 horas.  Cerrado: festivos y los días 24 y 31 de diciembre.,"equipos de autopréstamo. préstamo de libros, multimedia y revistas. servicio de acceso público a internet. zona wifi. información bibliográfica. animación a la lectura y formación de usuarios.   herramientas de apoyo a la accesibilidad:   silla de ruedas. préstamo de lupas línea guía y lupas tarjeta. préstamo en sala de telelupa. lector de pantalla nvda en los puestos de internet. bucle magnético en el mostrador de información.",true,true,Metro: Pirámides (línea 5). Cercanías Renfe: Pirámides (líneas C1 y C10),Superficie: 1.454 metros cuadrados  Puestos de lectura: 162   Puestos de Internet: 10,1,6,,http://www.madrid.es/sites/v/index.jsp?vgnextchannel=bfa48ab43d6bb410VgnVCM100000171f5a0aRCRD&vgnextoid=17f879262ef5d010VgnVCM1000000b205a0aRCRD,ARGANDA,CALLE,CALLE ARGANDA 12,NUM,12,,,,,MADRID,MADRID,28005,2,Acacias,acacias,2,Arganzuela,arganzuela,439967,4472399,40.40003652682007,-3.7074488154950584,91 474 16 03,,bppiobaroja@madrid.es,/contenido/entidadesYorganismos/BibliotecasPublicas
1746,Biblioteca Pública Municipal San Blas (san Blas-canillejas),"La Biblioteca Pública Municipal San Blas se abrió al público el 10 de mayo de 1987 y al acto de inauguración acudió el entonces alcalde Juan Barranco. El espacio que ocupa actualmente fue un Seminario de Sacerdotes Migrantes, rehabilitado tras muchos años de abandono y un incendio que lo dejó en condiciones críticas. El Ayuntamiento lo reformó para instalar en él el Centro Cultural Antonio Machado, dentro del que se encuentra la biblioteca. El edificio tiene forma redonda y tres plantas y lo preside un busto del poeta Antonio Machado. La Biblioteca se sitúa en la segunda planta. El edificio también alberga la Escuela Municipal de Música Antonio Machado.    Página en Facebook     Canal de WhatsApp",Apertura de lunes a viernes.  Horario: de 8:30 a 21 horas.  Verano (del 15 de junio al 15 de septiembre): de 8:30 a 20 horas.  Cerrado: festivos y los días 24 y 31 de diciembre.,"préstamo de libros, multimedia y revistas. servicio de acceso público a internet. zona wifi. información bibliográfica. animación a la lectura y formación de usuarios.   herramientas de apoyo a la accesibilidad:   préstamo de lupas línea guía y lupas tarjeta. préstamo en sala de telelupa. lector de pantalla nvda en los puestos de internet. bucle magnético en el mostrador de información.",true,true,Metro: Alsacia (línea 2),Superficie: 412 metros cuadrados  Puestos de lectura: 102  Puestos de Internet: 9  Sala polivalente 'Margarita Salas'.,1,6,,http://www.madrid.es/sites/v/index.jsp?vgnextchannel=bfa48ab43d6bb410VgnVCM100000171f5a0aRCRD&vgnextoid=2e403d0b5e71c010VgnVCM1000000b205a0aRCRD,SAN ROMAN DEL VALLE,CALLE,CALLE SAN ROMAN DEL VALLE 8,NUM,8,,,,CENTRO CULTURAL ANTONIO MACHADO,MADRID,MADRID,28037,4,Arcos,arcos,20,San Blas-canillejas,san-blas-canillejas,447249,4474586,40.420231627534996,-3.6218113860909074,91 313 52 97,,bpsanblas@madrid.es,/contenido/entidadesYorganismos/BibliotecasPublicas
11572165,Biblioteca Pública Municipal San Fermín (usera),"La Biblioteca Pública Municipal San Fermín abre sus puertas el 14 de marzo de 2022. La biblioteca del barrio de San Fermín, en el distrito de Usera, nace de un proceso participativo e innovador que recoge las ideas y deseos del vecindario y entidades asociativas que se sumaron al grupo de trabajo para contribuir al diseño y definición del equipamiento. En el este proceso participaron también distintos perfiles técnicos del Ayuntamiento. El 9 de agosto de 2022 se inauguraron los murales pintados por el artista Okuda San Miguel en su interior, que hablan de la historia del edificio y de cómo se ha logrado que el barrio de San Fermín cuente con este espacio. La construcción de la biblioteca es un proyecto financiado por el Programa Operativo FEDER de la Comunidad de Madrid 2014-2020.       Página en Facebook     Canal de WhatsApp","Apertura de lunes a domingo.  Horario: de lunes a viernes de 8:30 a 21 horas; sábados y domingos de 8:30 a 15 horas.   Verano (del 15 de junio al 15 de septiembre): de lunes a viernes de 8:30 a 20 horas; sábados y domingos de 8:30 a 14 horas.   Cerrado: festivos, Semana Santa (de jueves a domingo), los dos últimos fines de semana de julio y los fines de semana de agosto, el 24 y 31 de diciembre.","equipos de autopréstamo. préstamo de libros, multimedia y revistas. servicio de acceso público a internet. zona wifi. información bibliográfica. animación a la lectura y formación de usuarios.   herramientas de apoyo a la accesibilidad:   silla de ruedas. préstamo de lupas línea guía y lupas tarjeta. préstamo en sala de telelupa. lector de pantalla nvda en los puestos de internet. bucle magnético en el mostrador de información y bucle magnético para actividades.",true,true,Metro: San Fermín-Orcasur (línea 3),Superficie:  3.129 metros cuadrados  Puestos de lectura: 247  Puestos de Internet: 30  Puestos de la sala polivalente  : 64  Puestos de las salas de trabajo en grupo: 18 Aseo adaptado a personas ostomizadas,1,5,6,http://www.madrid.es/sites/v/index.jsp?vgnextchannel=bfa48ab43d6bb410VgnVCM100000171f5a0aRCRD&vgnextoid=83e748aaf535e710VgnVCM1000001d4a900aRCRD,SAN FERMIN,AVENIDA,AVENIDA SAN FERMIN 10,V,10,,,,,MADRID,MADRID,28041,3,San Fermin,san-fermin,12,Usera,usera,441188,4469184,40.3711623444796,-3.692742821990015,91 480 47 25,,bpsanfermin@madrid.es,/contenido/entidadesYorganismos/BibliotecasPublicas
1761,Biblioteca Pública Municipal Vallecas (puente De Vallecas),"El 13 de noviembre de 1933 se inauguró la biblioteca del pueblo de Vallecas, presidida por su alcalde Don Amós Acero Pérez. En 1937 fue cerrada debido a la Guerra Civil, abriéndose de nuevo en febrero de 1940. Pero poco a poco fue cayendo en un estado de abandono hasta que en 1976 se decidió su cierre para efectuar obras de remodelación. El 24 de abril de 1980, Enrique Tierno Galván reinauguró la biblioteca, abriéndose al público el 12 de mayo de ese mismo año. La Biblioteca de Vallecas siempre ha estado ubicada en un espacio independiente, el mismo desde 1933. Tras la reforma iniciada en 1978, ha habido otra en 1990. En esta última, se abrió una sala de lectura para adultos de 174,81 m&amp;sup2;, debido a la cesión de dos habitaciones del antiguo Juzgado de Vallecas.    Página en Facebook     Canal de WhatsApp",Apertura de lunes a viernes.  Horario: de 8:30 a 21 horas.  Verano (del 15 de junio al 15 de septiembre): de 8:30 a 20 horas.  Cerrado: festivos y los días 24 y 31 de diciembre.,"préstamo de libros, multimedia y revistas. servicio de acceso público a internet. zona wifi. información bibliográfica. animación a la lectura y formación de usuarios.   herramientas de apoyo a la accesibilidad:   silla de ruedas. préstamo de lupas línea guía y lupas tarjeta. préstamo en sala de telelupa. lector de pantalla nvda en los puestos de internet. bucle magnético en el mostrador de información.",true,true,Metro: Nueva Numancia (línea 1),Superficie: 367 metros cuadrados  Puestos de lectura: 100  Puestos de Internet: 5,1,6,,http://www.madrid.es/sites/v/index.jsp?vgnextchannel=bfa48ab43d6bb410VgnVCM100000171f5a0aRCRD&vgnextoid=11c03d0b5e71c010VgnVCM1000000b205a0aRCRD,PUERTO DEL MONASTERIO,CALLE,CALLE PUERTO DEL MONASTERIO 1,V,1,,,,,MADRID,MADRID,28053,2,San Diego,san-diego,13,Puente De Vallecas,puente-de-vallecas,443517,4471815,40.395023959810636,-3.665554302127492,91 588 60 51,,bpvallecas@madrid.es,/contenido/entidadesYorganismos/BibliotecasPublicas
1747,Biblioteca Pública Municipal Vicálvaro,La Biblioteca Pública Municipal de Vicálvaro fue inaugurada el 23 de mayo de 1987.    Canal de WhatsApp,Apertura de lunes a viernes.  Horario: de 8:30 a 21 horas.  Verano (del 15 de junio al 15 de septiembre): de 8:30 a 20 horas.  Cerrado: festivos y los días 24 y 31 de diciembre.,"préstamo de libros, multimedia y revistas. servicio de acceso público a internet. zona wifi. información bibliográfica. animación a la lectura y formación de usuarios.   herramientas de apoyo a la accesibilidad:   silla de ruedas. préstamo de lupas línea guía y lupas tarjeta. préstamo en sala de telelupa. lector de pantalla nvda en los puestos de internet. bucle magnético en el mostrador de información.",true,true,Metro: Vicálvaro (línea 9) Cercanías Renfe: Vicálvaro (línea C2),Superficie: 547 metros cuadrados  Puestos de lectura: 94  Puestos de Internet: 10,1,6,,http://www.madrid.es/sites/v/index.jsp?vgnextchannel=bfa48ab43d6bb410VgnVCM100000171f5a0aRCRD&vgnextoid=67e03d0b5e71c010VgnVCM1000000b205a0aRCRD,VILLARDONDIEGO,CALLE,CALLE VILLARDONDIEGO 36,NUM,36,,,,CENTRO CULTURAL EL MADROÑO,MADRID,MADRID,28032,,Casco Historico Vicalvaro,casco-historico-vicalvaro,,Vicalvaro,vicalvaro,448357,4472920,40.405283650744316,-3.6086278232922804,91 775 31 43,,bpvicalvaro@madrid.es,/contenido/entidadesYorganismos/BibliotecasPublicas
5768564,Biblioteca Pública Municipal Ángel González (latina),"La Biblioteca Pública Municipal Ángel González se inauguró el 26 de julio de 2010, contando con la presencia de, entre otros, el entonces Alcalde Alberto Ruiz-Gallardón, la Delegada del Área de Las Artes, Alicia Moreno, y la viuda del escritor, Susana Rivera.  El edificio es obra del arquitecto Carlos de Riaño, donde predomina el hormigón y el cristal. A pesar de estar junto a la A5, el aislamiento del entorno se consigue gracias a la utilización de grandes terrazas como elemento constructivo. Tiene su fachada principal orientada hacia la autovía de Extremadura en previsión del soterramiento de la autovía.    Página en Facebook     Canal de WhatsApp","Apertura de lunes a domingo.  Horario: de lunes a viernes de 8:30 a 21 horas; sábados y domingos de 8:30 a 15 horas.   Verano (del 15 de junio al 15 de septiembre): de lunes a viernes de 8:30 a 20 horas; sábados y domingos de 8:30 a 14 horas.   Cerrado: festivos, Semana Santa (de jueves a domingo), los dos últimos fines de semana de julio y los fines de semana de agosto, el 24 y 31 de diciembre.","equipos de autopréstamo. préstamo de libros, multimedia y revistas. servicio de acceso público a internet. zona wifi. información bibliográfica. animación a la lectura y formación de usuarios.   herramientas de apoyo a la accesibilidad:   silla de ruedas. préstamo de lupas línea guía y lupas tarjeta. préstamo en sala de telelupa. lector de pantalla nvda en los puestos de internet. bucle magnético en el mostrador de información y bucle magnético para actividades.",true,true,Metro: Campamento (línea 5),Superficie: 2.811 metros cuadrados  Puestos de lectura: 309  Puestos de Internet: 34   Puestos de la sala polivalente: 60  Puestos de la sala de actividades: 18,1,6,,http://www.madrid.es/sites/v/index.jsp?vgnextchannel=bfa48ab43d6bb410VgnVCM100000171f5a0aRCRD&vgnextoid=ec750a2153ef9210VgnVCM2000000c205a0aRCRD,GRANJA DE TORREHERMOSA,CALLE,CALLE GRANJA DE TORREHERMOSA 1,V,1,,,,,MADRID,MADRID,28024,4,Aluche,aluche,10,Latina,latina,434954,4472113,40.397074625115906,-3.7664885474841556,91 512 35 42,,bpangelgonzalez@madrid.es,/contenido/entidadesYorganismos/BibliotecasPublicas
1798,Biblioteca Pública Pedro Salinas (centro),,"Apertura de lunes a viernes.  De lunes a viernes de 9 a 21 horas. Todos los días los servicios de lectura en sala y acceso a internet finalizarán 15 minutos antes del cierre.  Días de cierre: Sábado y domingos; 1 de enero; 6 de enero; 17 y 18 de abril; 1, 2 y 15 de mayo; 25 de julio;15 de agosto; 10 de noviembre; 8 de diciembre; 24, 25 y 31 de diciembre.",wifi gratuito.,false,true,Metro: Puerta Toledo (línea 5)  Cercanías: Embajadores (C5),"Lectura fácil, letra grande, audiodescripción.",1,,,http://www.madrid.es/sites/v/index.jsp?vgnextchannel=bfa48ab43d6bb410VgnVCM100000171f5a0aRCRD&vgnextoid=67ed995a8bf5d010VgnVCM2000000c205a0aRCRD,PUERTA DE TOLEDO,GLORIETA,GLORIETA PUERTA DE TOLEDO 1,V,1,,,,,MADRID,MADRID,28005,2,Embajadores,embajadores,1,Centro,centro,439667,4473185,40.407095978373384,-3.7110439355238602,913 665 407,913 657 523,bib.centro@madrid.org,/contenido/entidadesYorganismos/BibliotecasPublicas
66904,Biblioteca Pública Rafael Alberti (fuencarral - El Pardo),,"Apertura de lunes a sábado.  De lunes a viernes de 9 a 21 horas. Sábados de 9 a 14 horas. Todos los días los servicios de préstamo y acceso a internet finalizarán 15 minutos antes del cierre.  Días de cierre: sábados: 19 de abril, 3 de mayo y todos los sábados de julio, agosto y septiembre; 2 de noviembre; 7 de diciembre. Domingos: todos; Festivos: 1 de enero; 6 de enero:17 y 18 de abril; 1, 2 y 15 mayo; 25 de julio;15 agosto; 1 y 10 de noviembre; 6 y 8 de diciembre; 24, 25 y 31  de diciembre.",wifi gratuito.,false,true,"Cercanías Renfe: Ramón y Cajal (líneas C3, C7, C8 y Regional)","Lectura fácil, letra grande, audiodescripción.",1,,,http://www.madrid.es/sites/v/index.jsp?vgnextchannel=bfa48ab43d6bb410VgnVCM100000171f5a0aRCRD&vgnextoid=260e995a8bf5d010VgnVCM2000000c205a0aRCRD,SANGENJO,CALLE,CALLE SANGENJO 38,V,38,,,,,MADRID,MADRID,28034,5,La Paz,la-paz,8,Fuencarral-el Pardo,fuencarral-el-pardo,440796,4482140,40.48785071405995,-3.6985735344788924,917 319 552,,bib.fuencarral@madrid.org,/contenido/entidadesYorganismos/BibliotecasPublicas
1777,Biblioteca Pública Ruiz Egea (chamberí),,"Apertura de lunes a viernes.  De lunes a viernes de 9 a 21 horas. Todos los días los servicios de lectura en sala y acceso a internet finalizarán 15 minutos antes del cierre.  Días de cierre: Sábados: todos. Domingos: todos. Festivos: 1 y 6 de enero; 17 y 18 de abril; 1, 2 y 15 mayo; 25 de julio;15 agosto; 10 de noviembre; 8, 24, 25 y 31 de diciembre.","especializada en cine, música y material audiovisual.",false,false,"Metro: Cuatro Caminos (líneas 1, 2 y 6)",,1,,,http://www.madrid.es/sites/v/index.jsp?vgnextchannel=bfa48ab43d6bb410VgnVCM100000171f5a0aRCRD&vgnextoid=b2413d0b5e71c010VgnVCM1000000b205a0aRCRD,RAIMUNDO FERNANDEZ VILLAVERDE,CALLE,CALLE RAIMUNDO FERNANDEZ VILLAVERDE 6,V,6,,,,,MADRID,MADRID,28003,5,Rios Rosas,rios-rosas,7,Chamberi,chamberi,440394,4477564,40.44660265004691,-3.702878714068386,915 349 029,915 337 809,bib.ruizegea@madrid.org,/contenido/entidadesYorganismos/BibliotecasPublicas
1765,Biblioteca Pública Del Estado Manuel Alvar  (salamanca),,Cerrada temporalmente.,wifi gratuito.,false,true,"Metro: Diego de León (líneas 4, 5 y 6), Cartagena (línea 7), Parque de las Avenidas (línea 7)","Lectura fácil, letra grande, audiodescripción.",1,,,http://www.madrid.es/sites/v/index.jsp?vgnextchannel=bfa48ab43d6bb410VgnVCM100000171f5a0aRCRD&vgnextoid=d51979262ef5d010VgnVCM1000000b205a0aRCRD,AZCONA,CALLE,CALLE AZCONA 42,V,42,,,,,MADRID,MADRID,28028,4,Guindalera,guindalera,4,Salamanca,salamanca,443260,4476188,40.4344013219248,-3.6689700985764175,917 263 701,913 555 425,bib.salamanca@madrid.org,/contenido/entidadesYorganismos/BibliotecasPublicas
12734939,Centro Cultural Paco Rabal. Biblioteca Pública (puente De Vallecas),,Consulta el enlace.,wifi gratuito.,false,true,"Cercanías Renfe: líneas C1, C2 y C7.","Lectura fácil, letra grande, audiodescripción.",1,,,http://www.madrid.es/sites/v/index.jsp?vgnextchannel=bfa48ab43d6bb410VgnVCM100000171f5a0aRCRD&vgnextoid=653645aab97d5910VgnVCM2000001f4a900aRCRD,FELIPE DE DIEGO,CALLE,CALLE FELIPE DE DIEGO 13,V,13,,,,,MADRID,MADRID,28018,3,Palomeras Bajas,palomeras-bajas,13,Puente De Vallecas,puente-de-vallecas,443880,4470084,40.379459109283275,-3.661114669233002,915 079 744,,bibliotecapacorabal@madrid.org,/contenido/entidadesYorganismos/BibliotecasPublicas
